[
  {
    "id": "e9ef86b4-fa9b-454b-a110-000b3f740909",
    "data": [
      {
        "text": "come si ",
        "userDefined": false
      },
      {
        "text": "usa",
        "meta": "@sys.location",
        "alias": "location",
        "userDefined": false
      },
      {
        "text": "?",
        "userDefined": false
      }
    ],
    "isTemplate": false,
    "count": 0,
    "lang": "it",
    "updated": 0
  },
  {
    "id": "e741f182-b188-4f0f-ba2b-ca2743223962",
    "data": [
      {
        "text": "spiegami come si ",
        "userDefined": false
      },
      {
        "text": "usa",
        "meta": "@sys.location",
        "alias": "location",
        "userDefined": false
      }
    ],
    "isTemplate": false,
    "count": 0,
    "lang": "it",
    "updated": 0
  },
  {
    "id": "3d80d436-41f1-48a1-b2dc-0bc508e34796",
    "data": [
      {
        "text": "ho bisogno di aiuto",
        "userDefined": false
      }
    ],
    "isTemplate": false,
    "count": 0,
    "lang": "it",
    "updated": 0
  },
  {
    "id": "3a77f2c5-38bf-4887-a08f-d51cf8d28871",
    "data": [
      {
        "text": "ti chiedo aiuto",
        "userDefined": false
      }
    ],
    "isTemplate": false,
    "count": 0,
    "lang": "it",
    "updated": 0
  },
  {
    "id": "6ae7b56a-febf-4996-bf35-4bf6fdaf1adc",
    "data": [
      {
        "text": "dammi aiuto",
        "userDefined": false
      }
    ],
    "isTemplate": false,
    "count": 0,
    "lang": "it",
    "updated": 0
  },
  {
    "id": "5a7abc47-6113-4bf4-a033-e84b2783f4ee",
    "data": [
      {
        "text": "aiuto",
        "userDefined": false
      }
    ],
    "isTemplate": false,
    "count": 0,
    "lang": "it",
    "updated": 0
  }
]