[
  {
    "id": "18c16ce8-da19-4c17-b493-38fa371fbc83",
    "data": [
      {
        "text": "esercizi sulla tabellina del ",
        "userDefined": false
      },
      {
        "text": "4",
        "meta": "@tabellinaNumero",
        "alias": "tNum",
        "userDefined": false
      }
    ],
    "isTemplate": false,
    "count": 1,
    "lang": "it",
    "updated": 0
  },
  {
    "id": "250332ba-a0ed-4ff3-b8d3-a1e0eaaefdb6",
    "data": [
      {
        "text": "esercitami sulla tabellina del ",
        "userDefined": false
      },
      {
        "text": "9",
        "meta": "@tabellinaNumero",
        "alias": "tNum",
        "userDefined": false
      }
    ],
    "isTemplate": false,
    "count": 0,
    "lang": "it",
    "updated": 0
  },
  {
    "id": "20a46c49-0e4b-47ac-a74b-814f3cc24802",
    "data": [
      {
        "text": "voglio esercitarmi sulla tabellina dell\u0027",
        "userDefined": false
      },
      {
        "text": "8",
        "meta": "@tabellinaNumero",
        "alias": "tNum",
        "userDefined": false
      }
    ],
    "isTemplate": false,
    "count": 0,
    "lang": "it",
    "updated": 0
  },
  {
    "id": "0f85d501-3289-4f60-bdc0-b4994193a4ec",
    "data": [
      {
        "text": "la tabellina del ",
        "userDefined": false
      },
      {
        "text": "6",
        "meta": "@tabellinaNumero",
        "alias": "tNum",
        "userDefined": false
      }
    ],
    "isTemplate": false,
    "count": 1,
    "lang": "it",
    "updated": 0
  },
  {
    "id": "110484c3-1f53-4692-a589-bee5ffe8b75c",
    "data": [
      {
        "text": "facciamo la tabellina del ",
        "userDefined": false
      },
      {
        "text": "3",
        "meta": "@tabellinaNumero",
        "alias": "tNum",
        "userDefined": false
      }
    ],
    "isTemplate": false,
    "count": 0,
    "lang": "it",
    "updated": 0
  },
  {
    "id": "3ed6e5ff-df2f-499f-9de1-57977753f870",
    "data": [
      {
        "text": "tabellina del ",
        "userDefined": false
      },
      {
        "text": "2",
        "meta": "@tabellinaNumero",
        "alias": "tNum",
        "userDefined": false
      }
    ],
    "isTemplate": false,
    "count": 0,
    "lang": "it",
    "updated": 0
  },
  {
    "id": "f0a67bad-8d0c-487c-8c1f-ab9f36805ccd",
    "data": [
      {
        "text": "voglio la tabellina del ",
        "userDefined": false
      },
      {
        "text": "4",
        "meta": "@tabellinaNumero",
        "alias": "tNum",
        "userDefined": false
      }
    ],
    "isTemplate": false,
    "count": 0,
    "lang": "it",
    "updated": 0
  },
  {
    "id": "1a011dbe-1ad3-4696-a97d-d1df4445e61c",
    "data": [
      {
        "text": "chiedimi la tabellina del ",
        "userDefined": false
      },
      {
        "text": "5",
        "meta": "@tabellinaNumero",
        "alias": "tNum",
        "userDefined": true
      }
    ],
    "isTemplate": false,
    "count": 1,
    "lang": "it",
    "updated": 0
  }
]