[
  {
    "id": "5840688f-13ac-468b-8e06-a0d3af670bbc",
    "data": [
      {
        "text": "esercitami fino alla tabellina del ",
        "userDefined": false
      },
      {
        "text": "6",
        "meta": "@tabellinaNumero",
        "alias": "tNum",
        "userDefined": false
      }
    ],
    "isTemplate": false,
    "count": 0,
    "lang": "it",
    "updated": 0
  },
  {
    "id": "e28f9d1b-c61e-4745-ad9c-4a1cfcecf34f",
    "data": [
      {
        "text": "esercizi fino alla tabellina del ",
        "userDefined": false
      },
      {
        "text": "5",
        "meta": "@tabellinaNumero",
        "alias": "tNum",
        "userDefined": false
      }
    ],
    "isTemplate": false,
    "count": 0,
    "lang": "it",
    "updated": 0
  },
  {
    "id": "3cb87ae8-7b13-4f6c-af64-04bca00b6a7e",
    "data": [
      {
        "text": "esercitami fino alla tabellina del ",
        "userDefined": false
      },
      {
        "text": "5",
        "meta": "@tabellinaNumero",
        "alias": "tNum",
        "userDefined": false
      }
    ],
    "isTemplate": false,
    "count": 0,
    "lang": "it",
    "updated": 0
  },
  {
    "id": "6c71d3a9-d827-4d58-867c-5c643858b0f3",
    "data": [
      {
        "text": "so fino alla tabellina del ",
        "userDefined": false
      },
      {
        "text": "2",
        "meta": "@tabellinaNumero",
        "alias": "tNum",
        "userDefined": false
      }
    ],
    "isTemplate": false,
    "count": 0,
    "lang": "it",
    "updated": 0
  },
  {
    "id": "6b511822-4e04-43f6-ab64-cac5a56c4a6b",
    "data": [
      {
        "text": "chiedimi fino al ",
        "userDefined": false
      },
      {
        "text": "7",
        "meta": "@tabellinaNumero",
        "alias": "tNum",
        "userDefined": false
      }
    ],
    "isTemplate": false,
    "count": 0,
    "lang": "it",
    "updated": 0
  },
  {
    "id": "baef1125-9477-465e-a6af-4533aa42ee18",
    "data": [
      {
        "text": "so fino all\u0027",
        "userDefined": false
      },
      {
        "text": "8",
        "meta": "@tabellinaNumero",
        "alias": "tNum",
        "userDefined": false
      }
    ],
    "isTemplate": false,
    "count": 0,
    "lang": "it",
    "updated": 0
  },
  {
    "id": "d2bc2d98-9453-44d1-af19-4d35ab4b2b83",
    "data": [
      {
        "text": "fino alla tabellina del ",
        "userDefined": false
      },
      {
        "text": "3",
        "meta": "@tabellinaNumero",
        "alias": "tNum",
        "userDefined": false
      }
    ],
    "isTemplate": false,
    "count": 0,
    "lang": "it",
    "updated": 0
  },
  {
    "id": "d976a3e4-03df-440c-92eb-feb742830fda",
    "data": [
      {
        "text": "chiedimi fino alla tabellina del ",
        "userDefined": false
      },
      {
        "text": "4",
        "meta": "@tabellinaNumero",
        "alias": "tNum",
        "userDefined": false
      }
    ],
    "isTemplate": false,
    "count": 0,
    "lang": "it",
    "updated": 0
  }
]