[
  {
    "id": "80cdae15-ce18-41fc-b937-31dc483d3655",
    "data": [
      {
        "text": "dalla tabellina dell\u0027",
        "userDefined": false
      },
      {
        "text": "8",
        "meta": "@tabellinaNumero",
        "alias": "tNum",
        "userDefined": false
      },
      {
        "text": " ",
        "userDefined": false
      },
      {
        "text": "in",
        "meta": "@sys.ignore",
        "userDefined": false
      },
      {
        "text": " poi",
        "userDefined": false
      }
    ],
    "isTemplate": false,
    "count": 0,
    "lang": "it",
    "updated": 0
  },
  {
    "id": "4b32155c-4455-434b-b58c-7bc4a57f7a69",
    "data": [
      {
        "text": "esercitami sulla tabellina del ",
        "userDefined": false
      },
      {
        "text": "9",
        "meta": "@tabellinaNumero",
        "alias": "tNum",
        "userDefined": false
      }
    ],
    "isTemplate": false,
    "count": 0,
    "lang": "it",
    "updated": 0
  },
  {
    "id": "a3ae0147-95b3-4889-a6b2-98fb41cf5c71",
    "data": [
      {
        "text": "esercitami dalla tabellina del ",
        "userDefined": false
      },
      {
        "text": "5",
        "meta": "@tabellinaNumero",
        "alias": "tNum",
        "userDefined": false
      }
    ],
    "isTemplate": false,
    "count": 0,
    "lang": "it",
    "updated": 0
  },
  {
    "id": "2420e011-a8f6-45bc-9699-269322f51232",
    "data": [
      {
        "text": "chiedimi dal ",
        "userDefined": false
      },
      {
        "text": "4",
        "meta": "@tabellinaNumero",
        "alias": "tNum",
        "userDefined": false
      },
      {
        "text": " ",
        "userDefined": false
      },
      {
        "text": "in",
        "meta": "@sys.ignore",
        "userDefined": false
      },
      {
        "text": " su",
        "userDefined": false
      }
    ],
    "isTemplate": false,
    "count": 0,
    "lang": "it",
    "updated": 0
  },
  {
    "id": "b624e0d0-1a65-4d9e-a011-e227e8465edd",
    "data": [
      {
        "text": "dal ",
        "userDefined": false
      },
      {
        "text": "7",
        "meta": "@tabellinaNumero",
        "alias": "tNum",
        "userDefined": false
      },
      {
        "text": " ",
        "userDefined": false
      },
      {
        "text": "in",
        "meta": "@sys.ignore",
        "userDefined": false
      },
      {
        "text": " su",
        "userDefined": false
      }
    ],
    "isTemplate": false,
    "count": 0,
    "lang": "it",
    "updated": 0
  },
  {
    "id": "e1141b15-d2df-4be1-ae1b-f64949f13fc2",
    "data": [
      {
        "text": "fai",
        "meta": "@sys.ignore",
        "userDefined": false
      },
      {
        "text": " dal ",
        "userDefined": false
      },
      {
        "text": "5",
        "meta": "@tabellinaNumero",
        "alias": "tNum",
        "userDefined": false
      },
      {
        "text": " ",
        "userDefined": false
      },
      {
        "text": "in",
        "meta": "@sys.ignore",
        "userDefined": false
      },
      {
        "text": " su",
        "userDefined": false
      }
    ],
    "isTemplate": false,
    "count": 0,
    "lang": "it",
    "updated": 0
  },
  {
    "id": "7af43279-ac21-4bbd-8db1-89a8c285a0ed",
    "data": [
      {
        "text": "chiedimi dalla tabellina del ",
        "userDefined": false
      },
      {
        "text": "3",
        "meta": "@tabellinaNumero",
        "alias": "tNum",
        "userDefined": false
      }
    ],
    "isTemplate": false,
    "count": 0,
    "lang": "it",
    "updated": 0
  }
]