[
  {
    "id": "6a8498b1-2693-4bab-9057-9cb1fdc2932b",
    "data": [
      {
        "text": "tutte le tabelline",
        "userDefined": false
      }
    ],
    "isTemplate": false,
    "count": 0,
    "lang": "it",
    "updated": 0
  },
  {
    "id": "c12c7e89-89ae-4183-adbb-b804029c0b1a",
    "data": [
      {
        "text": "tutte",
        "meta": "@sys.ignore",
        "userDefined": false
      }
    ],
    "isTemplate": false,
    "count": 0,
    "lang": "it",
    "updated": 0
  },
  {
    "id": "e2b394db-ab4f-4292-acdb-2565d02f97be",
    "data": [
      {
        "text": "chiedimele tutte",
        "userDefined": false
      }
    ],
    "isTemplate": false,
    "count": 0,
    "lang": "it",
    "updated": 0
  }
]