[
  {
    "id": "0f85d501-3289-4f60-bdc0-b4994193a4ec",
    "data": [
      {
        "text": "la tabellina del ",
        "userDefined": false
      },
      {
        "text": "6",
        "meta": "@tabellinaNumero",
        "alias": "tNum",
        "userDefined": false
      }
    ],
    "isTemplate": false,
    "count": 1,
    "lang": "it",
    "updated": 0
  },
  {
    "id": "110484c3-1f53-4692-a589-bee5ffe8b75c",
    "data": [
      {
        "text": "facciamo la tabellina del ",
        "userDefined": false
      },
      {
        "text": "3",
        "meta": "@tabellinaNumero",
        "alias": "tNum",
        "userDefined": false
      }
    ],
    "isTemplate": false,
    "count": 0,
    "lang": "it",
    "updated": 0
  },
  {
    "id": "3ed6e5ff-df2f-499f-9de1-57977753f870",
    "data": [
      {
        "text": "tabellina del ",
        "userDefined": false
      },
      {
        "text": "2",
        "meta": "@tabellinaNumero",
        "alias": "tNum",
        "userDefined": false
      }
    ],
    "isTemplate": false,
    "count": 0,
    "lang": "it",
    "updated": 0
  },
  {
    "id": "f0a67bad-8d0c-487c-8c1f-ab9f36805ccd",
    "data": [
      {
        "text": "voglio la tabellina del ",
        "userDefined": false
      },
      {
        "text": "4",
        "meta": "@tabellinaNumero",
        "alias": "tNum",
        "userDefined": false
      }
    ],
    "isTemplate": false,
    "count": 0,
    "lang": "it",
    "updated": 0
  },
  {
    "id": "1a011dbe-1ad3-4696-a97d-d1df4445e61c",
    "data": [
      {
        "text": "chiedimi la tabellina del ",
        "userDefined": false
      },
      {
        "text": "5",
        "meta": "@tabellinaNumero",
        "alias": "tNum",
        "userDefined": true
      }
    ],
    "isTemplate": false,
    "count": 1,
    "lang": "it",
    "updated": 0
  }
]