[
  {
    "id": "6e432013-21de-44cf-891b-1b04aafb5e3f",
    "data": [
      {
        "text": "2",
        "meta": "@sys.number-integer",
        "alias": "number-integer",
        "userDefined": false
      }
    ],
    "isTemplate": false,
    "count": 0,
    "lang": "it",
    "updated": 0
  },
  {
    "id": "ee27785b-2cb4-4320-985e-576236f1c86c",
    "data": [
      {
        "text": "5",
        "meta": "@sys.number-integer",
        "alias": "number-integer",
        "userDefined": true
      }
    ],
    "isTemplate": false,
    "count": 0,
    "lang": "it",
    "updated": 0
  },
  {
    "id": "7f202e35-0853-497a-8b31-63d5c27bc768",
    "data": [
      {
        "text": "24",
        "meta": "@sys.number-integer",
        "alias": "number-integer",
        "userDefined": false
      }
    ],
    "isTemplate": false,
    "count": 0,
    "lang": "it",
    "updated": 0
  },
  {
    "id": "da63b687-37ac-4b05-9ab0-a8bf0964b827",
    "data": [
      {
        "text": "12",
        "meta": "@sys.number-integer",
        "alias": "number-integer",
        "userDefined": false
      }
    ],
    "isTemplate": false,
    "count": 0,
    "lang": "it",
    "updated": 0
  }
]