[
  {
    "id": "1bc8fb00-36b9-4d2e-bc8a-b4eb6d736a13",
    "data": [
      {
        "text": "che voto ho preso",
        "userDefined": false
      }
    ],
    "isTemplate": false,
    "count": 0,
    "lang": "it",
    "updated": 0
  },
  {
    "id": "ac622782-8197-4781-9fea-ffb08117b9f9",
    "data": [
      {
        "text": "dammi il voto",
        "userDefined": false
      }
    ],
    "isTemplate": false,
    "count": 0,
    "lang": "it",
    "updated": 0
  },
  {
    "id": "407c659c-15d7-465a-9f43-c696f8b102b3",
    "data": [
      {
        "text": "statistiche",
        "userDefined": false
      }
    ],
    "isTemplate": false,
    "count": 0,
    "lang": "it",
    "updated": 0
  }
]