[
  {
    "value": "1",
    "synonyms": [
      "1",
      "uno"
    ]
  },
  {
    "value": "2",
    "synonyms": [
      "2",
      "due"
    ]
  },
  {
    "value": "3",
    "synonyms": [
      "3",
      "tre"
    ]
  },
  {
    "value": "4",
    "synonyms": [
      "4",
      "quattro"
    ]
  },
  {
    "value": "5",
    "synonyms": [
      "5",
      "cinque"
    ]
  },
  {
    "value": "6",
    "synonyms": [
      "6",
      "sei"
    ]
  },
  {
    "value": "7",
    "synonyms": [
      "7",
      "sette"
    ]
  },
  {
    "value": "8",
    "synonyms": [
      "8",
      "otto"
    ]
  },
  {
    "value": "9",
    "synonyms": [
      "9",
      "nove"
    ]
  },
  {
    "value": "10",
    "synonyms": [
      "10",
      "dieci"
    ]
  }
]